3605777	vec	Mi me ciamo Piero.
3605791	vec	Ti come te ciamito?
3605799	vec	Mi go vintitrì ani.
3605805	vec	Quanti ani ti gà?
3605814	vec	Da 'ndo ti vien?
3605829	vec	Bondì!
3605837	vec	Ben rivà!
3605867	vec	Podaresselo indicarme n'ostaria bona par magnar?
3605875	vec	El xè pena vegnù zo da le scale.
3746363	vec	Quanti ani gheto?
3754668	vec	Benvegnù!
3754675	vec	Da 'ndo vegnito?
3771449	vec	Me piàse zogar al balon.
3772539	vec	Un, dó, tre, quatro, zsinque, sie, sete, oto, nóve, diéxe.
4267520	vec	El Burj Khalifa desso xe el pì alto gratasielo del mondo.
5857171	vec	Te pol mia averghe ovo galina e cul caldo.
5978176	vec	Ea acqua xe vida.
7918613	vec	On, do, tri, cuatro, sinque, sié, sete, oto, nóve, diéxe.
8079402	vec	Saria mejo che te te butassi.
8080814	vec	İmprestame on pochi de schei.
8080815	vec	Ciapalo.
8080821	vec	Ah, ceste.
8082357	vec	Xe morto Tom.
8082364	vec	Tom xe morto.
8082366	vec	Vojo scalare la montagna.
9945918	vec	A So' drio devegner vècio
9945919	vec	Tom el pareva tanto stufo
9945921	vec	Vołeo che rèstee?
9945923	vec	El se recorda el dì inte el cuało ghemo vedesto el sbaro?
9945926	vec	A Go pena instałà un ajornamento stra-inportante
9945928	vec	El se ło ga desmentegà inte ła sugadora.
9945929	vec	Mary ła ga za scumisià
9945930	vec	Mary ła ga za tacà.
9945932	vec	Mi sò che sto omo ła te ga senpre amà
9945933	vec	No el staga inponerme łe so opinion.
9945934	vec	No te vè costruir łe università in Sudafrica.
9945936	vec	No vago inparar calcosa in Ìndia
9945937	vec	Ła zente saja ła inpara dai so nemighi.
9945938	vec	Łe persone saje łe inpara dai so nemighi
9945940	vec	"De che nasionałità zèrełe łe so Zie?" "Canadezi."
9945941	vec	Pian bianco, par piazer.
9945942	vec	Oh, no! Cosa ghe dizarò a Tom?
9945943	vec	Se ghemo catà?
9945944	vec	Se gavemo catà?
9945945	vec	Se ghemo catai?
9945946	vec	Tom no el vołea trasferirse cuà.
9945948	vec	Lu el ze in pijama.
9945950	vec	Eło el ze in pijama.
9945951	vec	Te ghè da fermarlo.
9945954	vec	Sto paco el dimanda un tratamento spesałe.
9945955	vec	Cuanti de chełi łà i zera łà?
9945956	vec	Mi mèrito de vegner repagà.
9945957	vec	Cuała zeła ła cavedałe de ła Spagna?
9945958	vec	Gràsie de ła lesion de finansa, maestro.
9945959	vec	Andrea el camina davanti a łe sarezare.
9945960	vec	Me àuguro che no łe vegna deportae.
9945961	vec	Gało tolto ła so onbreła sta matina?
9945962	vec	Te spusi de cica.
9945963	vec	Veto a costruir strade inte l'Arzentina?
9945964	vec	Dazighe i nostri conpliminti al shef.
9945965	vec	Me poso finalmente destirar cuà a l'onbria.
9945966	vec	Te rispetava.
9945967	vec	Mi no go mai robà gnente.
9945968	vec	Daghe a lori cheło che i vołe.
9945969	vec	Cheła dona łà ła ze Ana.
9945970	vec	Te me si drio tor in volta!
9945971	vec	Ti ghe jùtito a to mojere caza?
9945974	vec	E cosa pénsito de resòlvar cusita?
9945976	vec	Co te ghè tenpo, scolta sta intaresante intervista.
9945977	vec	Te sujeriso de tazer.
9945979	vec	Pòsoi portarli?
9945981	vec	Me par sol sèrio el mìnemo.
9945982	vec	Noialtri gavarìsimo da dasar ła sità.
9945983	vec	Ze stà tanto beło sentir sta roba cuà.
9945984	vec	Intrà łe sìmie ła capasità de comunegar ła ze stupefazente.
9945985	vec	Co ti anca do ore łe ze indesmentegàbiłi.
9945987	vec	El se lagna senpre par calcosa.
9945988	vec	Lezo na revista.
9945991	vec	Na volta so ndada a Boston co eło.
9945992	vec	El ga vivesto na vita inpegnada.
9945994	vec	La ga vivesto na vita inpegnada.
9945995	vec	Ndazio costruir scołe inte ła Lituània?
9945997	vec	Maria ła ga straonà.
9945999	vec	Sta cuà ła ze debołesa, a me parer.
9946000	vec	Zero bon de smirar el so corpo.
9946001	vec	Ła ze pì dura de ła ghiza!
9946002	vec	No ndemo far schei in Bangladesh?
9946003	vec	No ndazì far amisìsie in Austràlia.
9946004	vec	Par piazer, inpréstame ła to màchina.
9946005	vec	Go scumisià el libro.
9946006	vec	El ghe ga salvà ła vita a Tom do volte.
9946008	vec	A cosa servarà?
9946009	vec	Eło el ze intełijente.
9946010	vec	Sami el ga canbià el pian.
9946011	vec	Mi vujo parlar co lori.
9946012	vec	Sito acuzà?
9946013	vec	Mi so' pena vegnesto fora de prezon.
9946014	vec	Mi son pena vegnesto fora de prezon.
9946016	vec	El tegnarà l'infasadura par sìncue stimane
9946018	vec	Se pregar servise calcosa, i metaria ła zente par pregar a pagamento.
9946019	vec	Sta roba un fià ła me spusa.
9946020	vec	Me spero che el tórnee par łe sie
9946021	vec	Ghe ze na cołina picenina arente del mar.
9946022	vec	Come ze che se stua?
9946023	vec	Come ze che se smorsa?
9946025	vec	Scumisiemo co eła.
9946028	vec	Le cronpe de sto modeło łe zera vołae.
9946029	vec	Ne pùłito portar al British Museum?
9946030	vec	So' seguro de ver el nùmaro justo.
9946031	vec	Son seguro de ver el nùmaro justo.
9946033	vec	Tom el ze stravacà sol divan che el ze drio vardar ła TV.
9946034	vec	Mi so tanto dispiazesto par cheło che ze capità.
9946036	vec	Mi so' dispiazesto un mùcio par cheło che ze sucedesto.
9946037	vec	Me fradeło el ga cronpà na màchina doparada, de consevensa no ła costava tanto.
9946039	vec	Penseo veramente che Tom el podaria èsar inosente?
9946041	vec	Sì, sì, vegnarò co valtri.
9946044	vec	Sì, sì, vegnarò co voialtri.
9946045	vec	Sì, sì, vegnarò co vualtri.
9946047	vec	Sì, sì, vegnarò co vialtri.
9946049	vec	Tom el ghea dormio fin tardi.
9946051	vec	No ndè far cariera in Pakistan.
9946053	vec	Destribusion cuotidiani.
9946056	vec	Me pùłito dir el nome de chel'omo?
9946059	vec	Noialtri no semo boni de védar na steła sta note.
9946060	vec	Penso che ndarò far schełi inte l'Amèrica.
9946062	vec	De frecuente i curriculum cartàsei i vien descartai o ignorai.
9946176	vec	Gało fato ben el dotor?
9946177	vec	El ne ga fato capir che el zera drio sufrir in magnera stra-granda
9946179	vec	Ze capità prima che mi rivase.
9946180	vec	Ze sucedesto prima che rivase
9946182	vec	No el ga mantegnesto ła so promesa co mi.
9946183	vec	Ghemo cometesto un grando eror.
9946184	vec	Gavemo cometesto un grando eror.
9946185	vec	Te gheto portà bastansa scorte?
9946187	vec	ła gavio canbiada?
9946188	vec	Lo gavio canbià?
9946190	vec	La gało canbiada?
9946191	vec	Lo gało canbià?
9946193	vec	Go lezesto da poco na statìstega.
9946194	vec	Tom el ga fazesto a Mary na ociada de jaso.
9946196	vec	El ga viajà fin Boston par védarla.
9946197	vec	Kel el ga spartio ła càmara col so fradeło pì grando.
9946198	vec	Cosa ła tègnała in pie de note?
9946199	vec	Cosa te tien in pie de note?
9946200	vec	Valtri no gavì da saver asołutamente el parché ło go fazesto.
9946201	vec	Lu el ze ndà in botega par cronpar racuante naranse.
9946202	vec	Semo finie ridédoghe-su.
9946203	vec	Semo finie ridéndoghe-sora
9946204	vec	I ne ga catà.
9946205	vec	Sio stae inpegnae in sti ùltemi tenpi?
9946206	vec	Sio stai inpegnai in sti ùltemi tenpi?
9946207	vec	Sito stada inpegnada in sti ùltemi tenpi?
9946208	vec	So' vegnesta co Tom.
9946209	vec	Son vegnesta co Tom.
9946210	vec	Mi son vegnesto co Tom.
9946211	vec	Mi so' vegnesto co Tom.
9946212	vec	A mi so' vegnesto co Tom.
9946214	vec	Come gavio inparà el fransezo valtri?
9946215	vec	Come ze che gavì inparà el fransezo vualtri?
9946216	vec	Eła come gała inparà el fransezo?
9946218	vec	Come gało inparà el fransezo?
9946219	vec	Ti come gheto inparà el fransezo?
9946220	vec	Come gheto inparà el fransezo?
9946221	vec	Eło el ga ametesto i so erori.
9946222	vec	łù el ga ametesto i so erori.
9946223	vec	Gavio mai vedesto un sbaro stradałe?
9946224	vec	Gavio mai vedesto un insidente stradałe?
9946225	vec	Ti gheto mai vedesto un insidente stradałe?
9946226	vec	ła se ga marzenałizà eła soła.
9946228	vec	Go catà i me amighi al cafè.
9946229	vec	El siòparo el ga fazesto problemi a l'economia nasionałe.
9946230	vec	I ga dizesto che no i zera sorapezo.
9946232	vec	Tom el se ło mèrita de saver cosa che ze acadesto.
9946234	vec	lo gało ciamà ieri?
9946235	vec	ło gavio ciamà ieri?
9946236	vec	Dio el ghe ze, ma el se ga desmentegà ła ciave de entrada.
9946238	vec	Valtri gavio cronpà calcosa par mi?
9946239	vec	Valtri me gavio cronpà calcosa?
9946241	vec	Eła me gała cronpà calcosa?
9946242	vec	Eła gała cronpà calcosa par mi?
9946243	vec	Ghemo pena catà-fora na magnera par vìnsar.
9946244	vec	La ze pena vegnesta fora dal coma.
9946245	vec	Gało finio?
9946246	vec	Lo go sarà par eror.
9946247	vec	No go mai capio el parché i ne ło fazeva cronpar.
9946248	vec	Eło el ze za ndà fora.
9946249	vec	Deso go capio tuto.
9946250	vec	Ti gheto scrivesto el raporto?
9946251	vec	Te ghè scrivesto el raporto.
9946252	vec	Valtri gavì scrivesto el raporto.
12340171	vec	Viento dabón?
12340174	vec	El Tom el xe sólche tri méxi pì vecio che ła Maria.
12340177	vec	El Tom el xe drìo scrìvar na łétara.
12340178	vec	No te połe mìa entrar.
12340181	vec	El xe come el corteło.
12340184	vec	Son tanto fełiçe par eła.
12340189	vec	Me sento n'altra parsóna.
12340192	vec	Creo mi che'l vinsarà.
12340193	vec	Chi gà cuxinà sto połastro? El xe cruo.
12340195	vec	Sìto drìo sentir cuel che son drìo dir?
12340211	vec	El Tomàs el ve varda.
12340218	vec	El Tom el gà baxà ła mé cuxina.
12340222	vec	Sóra che cosa parleremoi?
12340233	vec	El vurìa èsar cantante.
12340277	vec	Vojo cuxinar par vualtri.
12340289	vec	Eła ła amava cuel che ła jera drìo far.
12340290	vec	Cuesto el xe un pése vérdo.
12340300	vec	El Tom el xe pérgo e ło xe senpre stà.
12340302	vec	Ło podemo jutar deso.
12340305	vec	No ło go mostrà a'l Tom.
12340312	vec	No ghe go fato mìa tante dimande.
12340314	vec	No so mìa parche el mé amigo el vołe che spetemo.
12340315	vec	No so mìa parche ła mé amigo ła vołe che spetemo.
12340677	vec	Cuesto el xe el mé cuxin.
12340682	vec	Cuesta ła xe ła mé cuxina.
12340692	vec	Xełi tuti gałivi?
12340699	vec	El Tom el gà perso el só schèi a'l casino.
12340702	vec	El Tom el manja tanto.
12340712	vec	Sami ła gà capìo.
12340728	vec	Ła xe na bacheta màxega.
12340742	vec	El Tom savéa che mi jero straco.
12340743	vec	El Tom savéa che mi jero straca.
12340775	vec	Par favor, dime come vago a'l aeroporto.
12340796	vec	El Tom el se gà inamorà de Venèçia.
12340813	vec	Si. Graçie.
12340821	vec	El Tom no'l parla mai sóra i só sentimenti.
12340864	vec	El xe inportante che te inpari na łengoa foresta.
12340876	vec	Gàłi cronpà pan?
12340877	vec	Gàłe cronpà pan?
12340882	vec	El Tom el jera brao.
12340894	vec	No ghe xe mìa pì çùcaro.
12340899	vec	Ła xe svéja.
12341015	vec	No son mìa un tóxo. Son na tóxa.
12341030	vec	El pare de'l Tom el se ciama Jean.
12341117	vec	Un got de vin, par favor!
12341137	vec	Gò tuto.
12341166	vec	No manjo mìa pése.
12341230	vec	Te sì na sarpente!
12341797	vec	El Tom el ndrà a Boston dimàn.
12341804	vec	Te ghè na notificaçión.
12341834	vec	"De che naçionałità łe jera łe só sorełe?" "Łètona."
12341842	vec	No xe mìa stà fàçiłe par nualtri catar caxa soa.
12341865	vec	Ghemo caminà a caxa insieme soto ła piova.
12341978	vec	Son na profesoresa.
12341982	vec	El par straco.
12343723	vec	Vista de ła Łuna, ła Tera ła par na bała.
12343778	vec	El too el jera mejo.
12343799	vec	I oxełi fora i xe drìo cantar.
12343802	vec	El Tom el gà dito che'l vurìa saver parche ła Mary ła gavea bixonjo de far cuesto.
12343807	vec	Se mi gavese schèi, cronparìa sto ordenadór.
12343842	vec	Benón. Cosa gaverìsimo da cantar?
12347388	vec	No łe gà mìa dito na paroła.
12347395	vec	Creo che'l sipia cuel che gò da far.
12350370	vec	L'arxento no'l costa mìa tanto come l'oro.
12350374	vec	Te połi manjar tuto cuel che te vołi.
12355845	vec	Cuesto no'l canbiarà mai.
12355852	vec	Ła Marìa ła no capise njente l'inglexe.
12355859	vec	Conoso el portoghexe, el inglexe e el ruso.
12362990	vec	Ła Sami ła gà finio de parlar co ła só viçina.
12363008	vec	Te sì na pavétoła strabeła.
12363016	vec	El me łaoro el paga ben, parò el xe veraménte sufìstico.
12363022	vec	Podo spetar.
12363037	vec	Łu el realménte gà da ndar caxa.
12363038	vec	Eło el realménte gà da ndar caxa.
12363050	vec	Ndóe xeło el marcà?
12363069	vec	No gò mai conjosùo el só nome vero.
12363070	vec	No gò mai conjosesto el só nome vero.
12363091	vec	Sti gati i xe drìo manjar tanto pése.
12363137	vec	El itałian el xe na łengua difìçiłe.
12378107	vec	Ndóe vivéało el Tom?
12378108	vec	Ndóe vivévało el Tom?
12378974	vec	El mé xardìn el xe pìcoło.
12378975	vec	El mé xardìn el xe ceo.
12378983	vec	I schei i justa tuto.
12378999	vec	Xà ghe go dito tuto.
12379094	vec	Ma el cafè no'l xe mìa bon.
12379108	vec	El Tom el ga dito che'l vurìa vołéa ła Marìa vinçer.
12379109	vec	El Tom el ga dito che łu el vołéa védar ła Marìa vinçer.
12379113	vec	El Tom el ga dito che eło el vołéa védar ła Marìa vinçer.
12379126	vec	"De che naçionałità łe xe łe tó mari?" "Mesicana"
12379130	vec	Vołito bévar un got de vin?
12379213	vec	Son drìo deventar pìcoła!
12379228	vec	No podo mìa fermar. I freni...
12379243	vec	Łu el xe tornà da novo.
12379244	vec	Eło el xe tornà da novo.
12379245	vec	El xe tornà da novo.
12386799	vec	Łu el me ga insenjà a nodar.
12386801	vec	Eło el me ga insenjà a nodar.
12386802	vec	El me ga insenjà a nodar.
12386812	vec	Onji ano me cato in un łogo difarente.
12386832	vec	Łora parché gheto dito a'l Tom de farlo?
12398540	vec	Te studiavi.
12398541	vec	Te studiai.
12398544	vec	Gò scrito miłe fraxi!
12432744	vec	El mé can el gà łe çate grandi.
12432748	vec	Ła xe ndà fora da'l restorante.
12432750	vec	Eła ła xe ndà fora da'l restorante.
12432758	vec	Ła Layla ła jera cusì beła rénto e fora.
